-- phpMyAdmin SQL Dump
-- version 5.1.1
-- https://www.phpmyadmin.net/
--
-- Host: 127.0.0.1
-- Generation Time: Jan 26, 2022 at 08:45 PM
-- Server version: 10.4.19-MariaDB
-- PHP Version: 8.0.7

SET SQL_MODE = "NO_AUTO_VALUE_ON_ZERO";
START TRANSACTION;
SET time_zone = "+00:00";


/*!40101 SET @OLD_CHARACTER_SET_CLIENT=@@CHARACTER_SET_CLIENT */;
/*!40101 SET @OLD_CHARACTER_SET_RESULTS=@@CHARACTER_SET_RESULTS */;
/*!40101 SET @OLD_COLLATION_CONNECTION=@@COLLATION_CONNECTION */;
/*!40101 SET NAMES utf8mb4 */;

--
-- Database: `gradingsystem`
--

--
-- Dumping data for table `criteria`
--

INSERT INTO `criteria` (`id`, `grading_id`, `criteria_title`, `criteria1`, `criteria2`, `criteria3`, `criteria4`, `vathmos`) VALUES
(1, 10, 'Τακτικότητα και οργανωτικότητα', 'Το έργο φαίνεται τσαπατσούλικο και ανοργάνωτο. Είναι δύσκολο να γνωρίζουμε ποιες πληροφορίες συνδέονται.', 'Το έργο παρουσιάζεται με οργανωμένο τρόπο, αλλά μπορεί να είναι δύσκολο να διαβαστεί κατά διαστήματα.', 'Το έργο παρουσιάζεται με έναν τακτοποιημένο και οργανωμένο τρόπο που είναι συνήθως ευανάγνωστος.', 'Το έργο παρουσιάζεται με έναν τακτοποιημένο, σαφή, οργανωμένο τρόπο που είναι εύκολο να διαβαστεί.', '3'),
(2, 10, 'Τακτικότητα και οργανωτικότητα', 'Το έργο φαίνεται τσαπατσούλικο και ανοργάνωτο. Είναι δύσκολο να γνωρίζουμε ποιες πληροφορίες συνδέονται.', 'Το έργο παρουσιάζεται με οργανωμένο τρόπο, αλλά μπορεί να είναι δύσκολο να διαβαστεί κατά διαστήματα.', 'Το έργο παρουσιάζεται με έναν τακτοποιημένο και οργανωμένο τρόπο που είναι συνήθως ευανάγνωστος.', 'Το έργο παρουσιάζεται με έναν τακτοποιημένο, σαφή, οργανωμένο τρόπο που είναι εύκολο να διαβαστεί.', '2'),
(3, 11, 'Ακρίβεια σχεδιαγράμματος', 'Οι πόντοι δεν σχεδιάζονται σωστά ή συμπεριλήφθηκαν επιπλέον πόντοι.', 'Όλα τα σημεία σχεδιάζονται σωστά.', 'Όλα τα σημεία σχεδιάζονται σωστά και είναι είναι ευανάγνωστα.', 'Όλα τα σημεία σχεδιάζονται σωστά και είναι ευανάγνωστα. Ένας χάρακας χρησιμοποιείται για να συνδέσει τακτοποιημένα τα σημεία ή να κάνει τις γραμμές, εάν δεν έχει γίνει χρήση μηχανογραφημένου προγράμματος γραφικής παράστασης.', '4'),
(4, 11, 'Μαθηματικά Σφάλματα', 'Πάνω από το 75% των βημάτων και των λύσεων έχουν μαθηματικά λάθη.', 'Τα περισσότερα (75-84%) βήματα και λύσεις δεν έχουν μαθηματικά λάθη.', 'Σχεδόν όλα (85-89%) τα βήματα και οι λύσεις δεν έχουν μαθηματικά λάθη.', 'Το 90-100% των βημάτων και λύσεων δεν έχουν μαθηματικά λάθη.', '1'),
(5, 12, 'Μονάδες μέτρησης γραφήματος', 'Οι μονάδες δεν περιγράφονται ούτε έχουν το κατάλληλο μέγεθος για το σύνολο δεδομένων.', 'Όλες οι μονάδες περιγράφονται (σε ένα κλειδί ή με ετικέτες), αλλά δεν έχουν το κατάλληλο μέγεθος για το σύνολο δεδομένων.', 'Οι περισσότερες μονάδες περιγράφονται (σε ένα κλειδί ή με ετικέτες) και έχουν το κατάλληλο μέγεθος για το σύνολο δεδομένων.', 'Όλες οι μονάδες περιγράφονται (σε ένα κλειδί ή με ετικέτες) και έχουν το κατάλληλο μέγεθος για το σύνολο δεδομένων.', '2'),
(6, 12, 'Ολοκλήρωση', 'Αρκετά από τα προβλήματα δεν έχουν ολοκληρωθεί.', 'Όλα εκτός από δύο από τα προβλήματα έχουν ολοκληρωθεί.', 'Όλα εκτός από ένα από τα προβλήματα έχουν ολοκληρωθεί.', 'Όλα τα προβλήματα έχουν ολοκληρωθεί.', '4'),
(7, 12, 'Διορθώσεις', 'Η εργασία δεν ελέγχθηκε από κάποιον συμμαθητή ή δεν έγιναν διορθώσεις με βάση τα σχόλια.', 'Η εργασία έχει ελεγχθεί από έναν συμμαθητή, αλλά δεν έγιναν κάποιες διορθώσεις.', 'Η εργασία έχει ελεγχθεί από έναν συμμαθητή και έχουν γίνει όλες οι κατάλληλες διορθώσεις.', 'Η εργασία έχει ελεγχθεί από δύο συμμαθητές και έχουν γίνει όλες οι κατάλληλες διορθώσεις.', '1'),
(8, 26, 'Διαγράμματα και σκίτσα', 'Τα διαγράμματα ή/και τα σκίτσα είναι δύσκολο να κατανοηθούν ή δεν χρησιμοποιούνται.', 'Τα διαγράμματα ή/και τα σκίτσα είναι κάπως δύσκολο να κατανοηθούν.', 'Τα διαγράμματα ή/και τα σκίτσα είναι σαφή και εύκολα κατανοητά.', 'Τα διαγράμματα ή/και τα σκίτσα είναι σαφή και προσθέτουν σε μεγάλο βαθμό στην κατανόηση από τον αναγνώστη της διαδικασίας ή των διαδικασιών.', '4'),
(9, 26, 'Ακρίβεια σχεδιαγράμματος', 'Οι πόντοι δεν σχεδιάζονται σωστά ή συμπεριλήφθηκαν επιπλέον πόντοι.', 'Όλα τα σημεία σχεδιάζονται σωστά.', 'Όλα τα σημεία σχεδιάζονται σωστά και είναι είναι ευανάγνωστα.', 'Όλα τα σημεία σχεδιάζονται σωστά και είναι ευανάγνωστα. Ένας χάρακας χρησιμοποιείται για να συνδέσει τακτοποιημένα τα σημεία ή να κάνει τις γραμμές, εάν δεν έχει γίνει χρήση μηχανογραφημένου προγράμματος γραφικής παράστασης.', '4'),
(10, 27, 'Χρήση Xειρισμών', 'Ο μαθητής σπάνια ακούει και συχνά \"παίζει\" με τους χειρισμούς αντί να τους χρησιμοποιεί σύμφωνα με τις οδηγίες.', 'Ο μαθητής μερικές φορές ακούει και ακολουθεί οδηγίες και χρησιμοποιεί χειρισμούς κατάλληλα όταν του υπενθυμίζουν.', 'Ο μαθητής συνήθως ακούει και ακολουθεί οδηγίες και χρησιμοποιεί χειρισμούς σύμφωνα με τις οδηγίες τις περισσότερες φορές.', 'Ο μαθητής ακούει πάντα και ακολουθεί οδηγίες και χρησιμοποιεί μόνο χειρισμούς σύμφωνα με τις οδηγίες.', '2'),
(11, 27, 'Μαθηματικά Σφάλματα', 'Πάνω από το 75% των βημάτων και των λύσεων έχουν μαθηματικά λάθη.', 'Τα περισσότερα (75-84%) βήματα και λύσεις δεν έχουν μαθηματικά λάθη.', 'Σχεδόν όλα (85-89%) τα βήματα και οι λύσεις δεν έχουν μαθηματικά λάθη.', 'Το 90-100% των βημάτων και λύσεων δεν έχουν μαθηματικά λάθη.', '3'),
(12, 27, 'Ετικέτα Y άξονα', 'Ο άξονας Υ δεν έχει ετικέτα.', 'Ο άξονας Υ έχει ετικέτα.', 'Ο άξονας Υ έχει σαφή ετικέτα που περιγράφει τις μονάδες και την εξαρτώμενη μεταβλητή (π.χ. % σκυλοτροφής που καταναλώνεται, βαθμό ικανοποίησης).', 'Ο άξονας Υ έχει μια σαφή, τακτοποιημένη ετικέτα που περιγράφει τις μονάδες και την εξαρτώμενη μεταβλητή (π.χ. % σκυλοτροφής που καταναλώνεται, βαθμό ικανοποίησης).', '4'),
(13, 28, 'Χρήση Xειρισμών', 'Ο μαθητής σπάνια ακούει και συχνά \"παίζει\" με τους χειρισμούς αντί να τους χρησιμοποιεί σύμφωνα με τις οδηγίες.', 'Ο μαθητής μερικές φορές ακούει και ακολουθεί οδηγίες και χρησιμοποιεί χειρισμούς κατάλληλα όταν του υπενθυμίζουν.', 'Ο μαθητής συνήθως ακούει και ακολουθεί οδηγίες και χρησιμοποιεί χειρισμούς σύμφωνα με τις οδηγίες τις περισσότερες φορές.', 'Ο μαθητής ακούει πάντα και ακολουθεί οδηγίες και χρησιμοποιεί μόνο χειρισμούς σύμφωνα με τις οδηγίες.', '2'),
(14, 28, 'Μαθηματικά Σφάλματα', 'Πάνω από το 75% των βημάτων και των λύσεων έχουν μαθηματικά λάθη.', 'Τα περισσότερα (75-84%) βήματα και λύσεις δεν έχουν μαθηματικά λάθη.', 'Σχεδόν όλα (85-89%) τα βήματα και οι λύσεις δεν έχουν μαθηματικά λάθη.', 'Το 90-100% των βημάτων και λύσεων δεν έχουν μαθηματικά λάθη.', '3'),
(15, 28, 'Ετικέτα Y άξονα', 'Ο άξονας Υ δεν έχει ετικέτα.', 'Ο άξονας Υ έχει ετικέτα.', 'Ο άξονας Υ έχει σαφή ετικέτα που περιγράφει τις μονάδες και την εξαρτώμενη μεταβλητή (π.χ. % σκυλοτροφής που καταναλώνεται, βαθμό ικανοποίησης).', 'Ο άξονας Υ έχει μια σαφή, τακτοποιημένη ετικέτα που περιγράφει τις μονάδες και την εξαρτώμενη μεταβλητή (π.χ. % σκυλοτροφής που καταναλώνεται, βαθμό ικανοποίησης).', '4'),
(16, 29, 'Χρήση Xειρισμών', 'Ο μαθητής σπάνια ακούει και συχνά \"παίζει\" με τους χειρισμούς αντί να τους χρησιμοποιεί σύμφωνα με τις οδηγίες.', 'Ο μαθητής μερικές φορές ακούει και ακολουθεί οδηγίες και χρησιμοποιεί χειρισμούς κατάλληλα όταν του υπενθυμίζουν.', 'Ο μαθητής συνήθως ακούει και ακολουθεί οδηγίες και χρησιμοποιεί χειρισμούς σύμφωνα με τις οδηγίες τις περισσότερες φορές.', 'Ο μαθητής ακούει πάντα και ακολουθεί οδηγίες και χρησιμοποιεί μόνο χειρισμούς σύμφωνα με τις οδηγίες.', '2');

--
-- Dumping data for table `grading`
--

INSERT INTO `grading` (`id`, `titlos`, `student_id`, `teacher_id`, `teliki_vathmologia`, `creation_date`, `modification_date`) VALUES
(1, 'sgsfb', 16, 1, 0, '2022-01-18', '2022-01-18'),
(2, 'ρσγφ', 17, 1, 0, '2022-01-18', '2022-01-18'),
(3, 'gedf', 3, 1, 0, '2022-01-18', '2022-01-18'),
(4, 'gter', 4, 1, 0, '2022-01-18', '2022-01-18'),
(5, 'TZR', 5, 1, 0, '2022-01-18', '2022-01-18'),
(6, 'hsdhfstrs', 5, 1, 0, '2022-01-18', '2022-01-18'),
(7, 'sdfws', 4, 1, 0, '2022-01-18', '2022-01-18'),
(8, 'syry', 4, 1, 0, '2022-01-18', '2022-01-18'),
(9, 'ysty', 4, 1, 0, '2022-01-18', '2022-01-18'),
(10, 'wrt', 4, 1, 0, '2022-01-18', '2022-01-18'),
(11, 'agear', 18, 1, 0, '2022-01-18', '2022-01-18'),
(12, 'arte', 20, 1, 7, '2022-01-18', '2022-01-18'),
(13, '', 21, 1, 0, '2022-01-18', '2022-01-18'),
(14, '', 22, 1, 0, '2022-01-18', '2022-01-18'),
(15, '', 23, 1, 0, '2022-01-18', '2022-01-18'),
(16, '', 24, 1, 0, '2022-01-18', '2022-01-18'),
(17, '', 25, 1, 0, '2022-01-18', '2022-01-18'),
(18, '', 26, 1, 0, '2022-01-18', '2022-01-18'),
(19, '', 27, 1, 0, '2022-01-18', '2022-01-18'),
(20, '', 28, 1, 0, '2022-01-18', '2022-01-18'),
(21, '', 29, 1, 0, '2022-01-18', '2022-01-18'),
(22, '', 30, 1, 0, '2022-01-18', '2022-01-18'),
(23, '', 31, 1, 0, '2022-01-18', '2022-01-18'),
(24, '', 32, 1, 0, '2022-01-18', '2022-01-18'),
(25, '', 33, 1, 0, '2022-01-18', '2022-01-18'),
(26, 'sferqert', 34, 1, 8, '2022-01-21', '2022-01-21'),
(27, 'test1', 1, 1, 9, '2022-01-26', '2022-01-26'),
(28, 'test1', 1, 1, 9, '2022-01-26', '2022-01-26'),
(29, 'test22', 35, 1, 2, '2022-01-26', '2022-01-26');

--
-- Dumping data for table `selections`
--

INSERT INTO `selections` (`id`, `category`, `grade4`, `grade3`, `grade2`, `grade1`) VALUES
(1, 'Μαθηματικές Έννοιες', 'Η εξήγηση δείχνει πλήρη κατανόηση των μαθηματικών εννοιών που χρησιμοποιούνται για την επίλυση του προβλήματος ή των προβλημάτων.', 'Η εξήγηση δείχνει ουσιαστική κατανόηση των μαθηματικών εννοιών που χρησιμοποιούνται για την επίλυση του προβλήματος ή των προβλημάτων.', 'Η εξήγηση δείχνει μερική κατανόηση των μαθηματικών εννοιών που απαιτούνται για την επίλυση του προβλήματος ή των προβλημάτων.', 'Η εξήγηση δείχνει πολύ περιορισμένη κατανόηση των υποκείμενων εννοιών που απαιτούνται για την επίλυση του προβλήματος ή των προβλημάτων ή δεν γράφεται.'),
(2, 'Μαθηματικός Συλλογισμός', 'Χρησιμοποιεί πολύπλοκο και εκλεπτυσμένο μαθηματικό συλλογισμό.', 'Χρησιμοποιεί αποτελεσματικό μαθηματικό συλλογισμό.', 'Χρησιμοποιεί κάποια στοιχεία μαθηματικού συλλογισμού.', 'Λίγα στοιχεία μαθηματικής λογικής.'),
(3, 'Μαθηματικά Σφάλματα', 'Το 90-100% των βημάτων και λύσεων δεν έχουν μαθηματικά λάθη.', 'Σχεδόν όλα (85-89%) τα βήματα και οι λύσεις δεν έχουν μαθηματικά λάθη.', 'Τα περισσότερα (75-84%) βήματα και λύσεις δεν έχουν μαθηματικά λάθη.', 'Πάνω από το 75% των βημάτων και των λύσεων έχουν μαθηματικά λάθη.'),
(4, 'Χρήση Xειρισμών', 'Ο μαθητής ακούει πάντα και ακολουθεί οδηγίες και χρησιμοποιεί μόνο χειρισμούς σύμφωνα με τις οδηγίες.', 'Ο μαθητής συνήθως ακούει και ακολουθεί οδηγίες και χρησιμοποιεί χειρισμούς σύμφωνα με τις οδηγίες τις περισσότερες φορές.', 'Ο μαθητής μερικές φορές ακούει και ακολουθεί οδηγίες και χρησιμοποιεί χειρισμούς κατάλληλα όταν του υπενθυμίζουν.', 'Ο μαθητής σπάνια ακούει και συχνά \"παίζει\" με τους χειρισμούς αντί να τους χρησιμοποιεί σύμφωνα με τις οδηγίες.'),
(5, 'Συνεργασιμότητα', 'Ο μαθητής ήταν ένας αφοσιωμένος συνεργάτης, ακούγοντας προτάσεις άλλων και δουλεύοντας συνεργατικά καθ \'όλη τη διάρκεια του μαθήματος.', 'Ο μαθητής ήταν αφοσιωμένος συνεργάτης, αλλά δυσκολευόταν να ακούσει άλλους ή/ και να δουλέψει συνεργατικά.', 'Ο μαθητής συνεργάστηκε με άλλους, αλλά χρειαζόταν παρότρυνση για να παραμείνει αφοσιωμένος στην εργασία.', 'Ο μαθητής δεν δούλευε αποτελεσματικά με άλλους.'),
(6, 'Επεξηγηματικότητα', 'Η εξήγηση είναι λεπτομερής και σαφής.', 'Η εξήγηση είναι σαφής.', 'Η εξήγηση είναι λίγο δύσκολο να κατανοηθεί, αλλά περιλαμβάνει κρίσιμα στοιχεία.', 'Η εξήγηση είναι δύσκολο να κατανοηθεί και λείπουν πολλά στοιχεία ή δεν εχουν συμπεριληφθεί.'),
(7, 'Διορθώσεις', 'Η εργασία έχει ελεγχθεί από δύο συμμαθητές και έχουν γίνει όλες οι κατάλληλες διορθώσεις.', 'Η εργασία έχει ελεγχθεί από έναν συμμαθητή και έχουν γίνει όλες οι κατάλληλες διορθώσεις.', 'Η εργασία έχει ελεγχθεί από έναν συμμαθητή, αλλά δεν έγιναν κάποιες διορθώσεις.', 'Η εργασία δεν ελέγχθηκε από κάποιον συμμαθητή ή δεν έγιναν διορθώσεις με βάση τα σχόλια.'),
(8, 'Τακτικότητα και οργανωτικότητα', 'Το έργο παρουσιάζεται με έναν τακτοποιημένο, σαφή, οργανωμένο τρόπο που είναι εύκολο να διαβαστεί.', 'Το έργο παρουσιάζεται με έναν τακτοποιημένο και οργανωμένο τρόπο που είναι συνήθως ευανάγνωστος.', 'Το έργο παρουσιάζεται με οργανωμένο τρόπο, αλλά μπορεί να είναι δύσκολο να διαβαστεί κατά διαστήματα.', 'Το έργο φαίνεται τσαπατσούλικο και ανοργάνωτο. Είναι δύσκολο να γνωρίζουμε ποιες πληροφορίες συνδέονται.'),
(9, 'Διαγράμματα και σκίτσα', 'Τα διαγράμματα ή/και τα σκίτσα είναι σαφή και προσθέτουν σε μεγάλο βαθμό στην κατανόηση από τον αναγνώστη της διαδικασίας ή των διαδικασιών.', 'Τα διαγράμματα ή/και τα σκίτσα είναι σαφή και εύκολα κατανοητά.', 'Τα διαγράμματα ή/και τα σκίτσα είναι κάπως δύσκολο να κατανοηθούν.', 'Τα διαγράμματα ή/και τα σκίτσα είναι δύσκολο να κατανοηθούν ή δεν χρησιμοποιούνται.'),
(10, 'Ολοκλήρωση', 'Όλα τα προβλήματα έχουν ολοκληρωθεί.', 'Όλα εκτός από ένα από τα προβλήματα έχουν ολοκληρωθεί.', 'Όλα εκτός από δύο από τα προβλήματα έχουν ολοκληρωθεί.', 'Αρκετά από τα προβλήματα δεν έχουν ολοκληρωθεί.'),
(11, 'Μαθηματική ορολογία και σημειογραφία', 'Η σωστή ορολογία και σημειογραφία χρησιμοποιούνται πάντα, καθιστώντας εύκολη την κατανόηση.', 'Η σωστή ορολογία και σημειογραφία χρησιμοποιούνται συνήθως, καθιστώντας αρκετά εύκολη την κατανόηση.', 'Χρησιμοποιείται σωστή ορολογία και σημειογραφία , αλλά μερικές φορές δεν γίνεται εύκολα κατανοητή.', 'Γίνεται μικρή ή πολύ ακατάλληλη χρήση της ορολογίας και της σημειογραφίας.'),
(12, 'Στρατηγική / διαδικασίες', 'Συνήθως, χρησιμοποιεί μια αποτελεσματική και αποδοτική στρατηγική για την επίλυση του προβλήματος ή των προβλημάτων.', 'Συνήθως, χρησιμοποιεί μια αποτελεσματική στρατηγική για την επίλυση του προβλήματος ή των προβλημάτων.', 'Μερικές φορές χρησιμοποιεί μια αποτελεσματική στρατηγική για την επίλυση προβλημάτων, αλλά δεν το κάνει με συνοχή.', 'Σπάνια χρησιμοποιεί μια αποτελεσματική στρατηγική για την επίλυση προβλημάτων.'),
(13, 'Μονάδες μέτρησης γραφήματος', 'Όλες οι μονάδες περιγράφονται (σε ένα κλειδί ή με ετικέτες) και έχουν το κατάλληλο μέγεθος για το σύνολο δεδομένων.', 'Οι περισσότερες μονάδες περιγράφονται (σε ένα κλειδί ή με ετικέτες) και έχουν το κατάλληλο μέγεθος για το σύνολο δεδομένων.', 'Όλες οι μονάδες περιγράφονται (σε ένα κλειδί ή με ετικέτες), αλλά δεν έχουν το κατάλληλο μέγεθος για το σύνολο δεδομένων.', 'Οι μονάδες δεν περιγράφονται ούτε έχουν το κατάλληλο μέγεθος για το σύνολο δεδομένων.'),
(14, 'Tακτοποίηση και ελκυστικότητα γραφήματος', 'Εξαιρετικά καλά σχεδιασμένο, τακτοποιημένο και ελκυστικό. Χρώματα που πάνε καλά μαζί χρησιμοποιούνται για να κάνουν το γράφημα πιο ευανάγνωστο. Χρησιμοποιείται χάρακας και χαρτί γραφήματος (ή πρόγραμμα υπολογιστή γραφικής παράστασης).', 'Τακτοποιημένο και σχετικά ελκυστικό. Ένας χάρακας και ένα χαρτί γραφήματος (ή πρόγραμμα υπολογιστή γραφικής παράστασης) χρησιμοποιούνται για να κάνουν το γράφημα πιο ευανάγνωστο.', 'Οι γραμμές είναι τακτοποιημένες, αλλά το γράφημα φαίνεται αρκετά απλό.', 'Φαίνεται ακατάστατο και βιαστικά φτιαγμένο. Οι γραμμές είναι εμφανώς στραβές.'),
(15, 'Ακρίβεια σχεδιαγράμματος', 'Όλα τα σημεία σχεδιάζονται σωστά και είναι ευανάγνωστα. Ένας χάρακας χρησιμοποιείται για να συνδέσει τακτοποιημένα τα σημεία ή να κάνει τις γραμμές, εάν δεν έχει γίνει χρήση μηχανογραφημένου προγράμματος γραφικής παράστασης.', 'Όλα τα σημεία σχεδιάζονται σωστά και είναι είναι ευανάγνωστα.', 'Όλα τα σημεία σχεδιάζονται σωστά.', 'Οι πόντοι δεν σχεδιάζονται σωστά ή συμπεριλήφθηκαν επιπλέον πόντοι.'),
(16, 'Τύπος γραφήματος που έχει επιλεχθεί', 'Το γράφημα ταιριάζει καλά στα δεδομένα και είναι εύκολο να ερμηνευτεί.', 'Το γράφημα είναι επαρκές και δεν διαστρεβλώνει τα δεδομένα, αλλά η ερμηνεία των δεδομένων είναι κάπως δύσκολη.', 'Το γράφημα διαστρεβλώνει κάπως τα δεδομένα και η ερμηνεία των δεδομένων είναι κάπως δύσκολη.', 'Το γράφημα διαστρεβλώνει σοβαρά τα δεδομένα καθιστώντας την ερμηνεία σχεδόν αδύνατη.'),
(17, 'Πίνακας δεδομένων', 'Τα δεδομένα στον πίνακα είναι καλά οργανωμένα, ακριβή και ευανάγνωστα.', 'Τα δεδομένα στον πίνακα είναι οργανωμένα, ακριβή και ευανάγνωστα.', 'Τα δεδομένα στον πίνακα είναι ακριβή και ευανάγνωστα.', 'Τα δεδομένα στον πίνακα δεν είναι ακριβή ή/και δεν είναι ευανάγνωστα.'),
(18, 'Τίτλος γραφήματος', 'Ο τίτλος είναι δημιουργικός και σχετίζεται σαφώς με το πρόβλημα που περιγράφεται (περιλαμβάνει εξαρτώμενη και ανεξάρτητη μεταβλητή). Αναγράφεται στο επάνω μέρος του γραφήματος.', 'Ο τίτλος σχετίζεται σαφώς με το πρόβλημα που περιγράφεται (περιλαμβάνει εξαρτώμενη και ανεξάρτητη μεταβλητή) και Αναγράφεται στο επάνω μέρος του γραφήματος.', 'Ένας τίτλος υπάρχει στην κορυφή του γραφήματος.', 'Δεν υπάρχει τίτλος.'),
(19, 'Ετικέτα Χ άξονα', 'Ο άξονας X έχει μια σαφή, τακτοποιημένη ετικέτα που περιγράφει τις μονάδες που χρησιμοποιούνται για την ανεξάρτητη μεταβλητή (π.χ. ημέρες, μήνες, ονόματα συμμετεχόντων).', 'Ο άξονας X έχει μια σαφή ετικέτα που περιγράφει τις μονάδες που χρησιμοποιούνται για την ανεξάρτητη μεταβλητή.', 'Ο άξονας X έχει ετικέτα.', 'Ο άξονας X δεν έχει ετικέτα.'),
(20, 'Ετικέτα Y άξονα', 'Ο άξονας Υ έχει μια σαφή, τακτοποιημένη ετικέτα που περιγράφει τις μονάδες και την εξαρτώμενη μεταβλητή (π.χ. % σκυλοτροφής που καταναλώνεται, βαθμό ικανοποίησης).', 'Ο άξονας Υ έχει σαφή ετικέτα που περιγράφει τις μονάδες και την εξαρτώμενη μεταβλητή (π.χ. % σκυλοτροφής που καταναλώνεται, βαθμό ικανοποίησης).', 'Ο άξονας Υ έχει ετικέτα.', 'Ο άξονας Υ δεν έχει ετικέτα.');

--
-- Dumping data for table `students`
--

INSERT INTO `students` (`id`, `name`, `last_name`, `am`, `vathmida`, `taksi`) VALUES
(1, 'Αργήρης', 'Συρίγος', '5235', 'Γυμνάσιο', 'Γ2'),
(3, 'Ελένη', 'Γαλάνη', '1697', 'Λύκειο', 'Α3'),
(4, 'Παναγιώτα', 'Ζαφειροπούλου', '6532', 'Λύκειο', 'Β4'),
(5, 'sbvs', 'dsg', '1234', 'Λύκειο', 'Β2'),
(6, 'tru', 'utur', '4321', 'Γυμνάσιο', 'Α3'),
(7, 'tru', 'utur', '4321', 'Γυμνάσιο', 'Α3'),
(8, 'fsd', 'sdf', '3421', 'Γυμνάσιο', 'Α3'),
(9, 'fsd', 'sdf', '3421', 'Γυμνάσιο', 'Α3'),
(10, 'fgj', 'ghd', '3333', 'Λύκειο', 'Α2'),
(11, 'fgj', 'ghd', '3333', 'Λύκειο', 'Α2'),
(12, 'fgj', 'ghd', '3333', 'Λύκειο', 'Α2'),
(13, 'dfszdg', 'dfzd', '2342', 'Λύκειο', 'Β1'),
(14, 'dfszdg', 'dfzd', '2342', 'Λύκειο', 'Β1'),
(15, 'rgd', 'zfgdf', '3684', 'Λύκειο', 'Β1'),
(16, 'fgdf', 'sdgvd', '4567', 'Λύκειο', 'Α3'),
(17, 'φδγσδη', 'δφγφ', '5269', 'Γυμνάσιο', 'Β1'),
(18, 'grathtr', 'reger', '4365', 'Γυμνάσιο', 'Α3'),
(19, 'rtyrt', 'hgdrt', '5274', 'Λύκειο', 'Β1'),
(20, 'fgsrf', 'agstrfh', '3572', 'Λύκειο', 'Β3'),
(21, '', '', '', 'Επιλογή Βαθμίδας', 'Επιλογή Τάξης'),
(22, '', '', '', 'Επιλογή Βαθμίδας', 'Επιλογή Τάξης'),
(23, '', '', '', 'Επιλογή Βαθμίδας', 'Επιλογή Τάξης'),
(24, '', '', '', 'Επιλογή Βαθμίδας', 'Επιλογή Τάξης'),
(25, '', '', '', 'Επιλογή Βαθμίδας', 'Επιλογή Τάξης'),
(26, '', '', '', 'Επιλογή Βαθμίδας', 'Επιλογή Τάξης'),
(27, '', '', '', 'Επιλογή Βαθμίδας', 'Επιλογή Τάξης'),
(28, '', '', '', 'Επιλογή Βαθμίδας', 'Επιλογή Τάξης'),
(29, '', '', '', 'Επιλογή Βαθμίδας', 'Επιλογή Τάξης'),
(30, '', '', '', 'Επιλογή Βαθμίδας', 'Επιλογή Τάξης'),
(31, '', '', '', 'Επιλογή Βαθμίδας', 'Επιλογή Τάξης'),
(32, '', '', '', 'Επιλογή Βαθμίδας', 'Επιλογή Τάξης'),
(33, '', '', '', 'Επιλογή Βαθμίδας', 'Επιλογή Τάξης'),
(34, 'aaaaaa', 'dddddd', '4444', 'Γυμνάσιο', 'Β1'),
(35, 'AAAAA', 'BBBB', '1212', 'Γυμνάσιο', 'Α3');

--
-- Dumping data for table `users`
--

INSERT INTO `users` (`usersId`, `usersName`, `usersEmail`, `usersUid`, `usersPwd`) VALUES
(1, 'Anastasia Kountoura', 'ciakou@live.com', 'siakou', '$2y$10$QCYSnPmxm1VBzuOB8.EwGeua9QHbj.TO6kawQDNAwMz6kc0URK/Ia'),
(2, 'dsf', 'dsf@live.com', 'sdf', '$2y$10$LllfTee4eKfULhharj3/qeYYv9XiKF4qQCjay5cPWbAMDWduAykqm');
COMMIT;

/*!40101 SET CHARACTER_SET_CLIENT=@OLD_CHARACTER_SET_CLIENT */;
/*!40101 SET CHARACTER_SET_RESULTS=@OLD_CHARACTER_SET_RESULTS */;
/*!40101 SET COLLATION_CONNECTION=@OLD_COLLATION_CONNECTION */;
